epoch,train_encoder_loss,train_decoder_loss,train_decoder_acc,train_perceptual_loss,train_detection_loss,avg_train_scale_factor,test_encoder_loss,test_decoder_loss,test_decoder_accuracy,test_perceptual_loss,test_detection_loss,test_snr,avg_test_scale_factor
1,0.3460710247564647,1.9867069350348578,0.5,0.0006902852367299298,0.4934010635156786,0.002447198662492964,0.0007955843466334045,5.000050067901611,0.5,0.0007637919625267386,4.541770613286644e-05,67.80048370361328,4.9999996554106475e-05
2,0.0008149468223564327,5.000050067901611,0.5,0.0007831544382497669,4.5417707183838096e-05,4.999999784761005e-05,0.0008283631759695709,5.000050067901611,0.5,0.000796570791862905,4.541770613286644e-05,67.45173645019531,4.9999996554106475e-05
best_final,,,,,,,0.0008283631759695709,5.000050067901611,0.5,0.000796570791862905,4.541770613286644e-05,67.45173645019531,4.9999996554106475e-05
