epoch,train_encoder_loss,train_decoder_loss,train_decoder_acc,train_perceptual_loss,train_detection_loss,avg_train_scale_factor,test_encoder_loss,test_decoder_loss,test_decoder_accuracy,test_perceptual_loss,test_detection_loss,test_snr,avg_test_scale_factor
1,0.3453878428154793,1.9867069350348578,0.5,7.094117940057801e-06,0.4934010635156786,0.0032298584779103597,5.6402976042591035e-05,5.000050067901611,0.5,2.461057920299936e-05,4.541770613286644e-05,27.64607048034668,0.004999999701976776
2,4.9732183672151426e-05,5.000050067901611,0.5,1.7939789144192117e-05,4.5417707183838096e-05,0.004409568674034543,3.1794541428098455e-05,5.000050067901611,0.5,2.145905453332375e-09,4.541770613286644e-05,68.04339599609375,4.9999996554106475e-05
best_final,,,,,,,3.1794541428098455e-05,5.000050067901611,0.5,2.145905453332375e-09,4.541770613286644e-05,68.04339599609375,4.9999996554106475e-05
