epoch,train_encoder_loss,train_decoder_loss,train_decoder_acc,train_perceptual_loss,train_detection_loss,avg_train_scale_factor,test_encoder_loss,test_decoder_loss,test_decoder_accuracy,test_perceptual_loss,test_detection_loss,test_snr,avg_test_scale_factor
1,0.34045422178547396,19783.45793195679,0.5,0.0007674220293920412,0.4852668638807846,0.00047132685070946104,0.22673985362052917,0.8043901324272156,0.5,0.0,0.3239140808582306,80.01990138462611,0.0
2,0.22813063673421638,0.8033753756763172,0.5,0.0,0.32590091393377774,0.0,0.24898402715215878,0.7809814214706421,0.5,0.0,0.35569146920223627,80.01990138462611,0.0
3,0.24983152712013176,0.7691677892829826,0.5,0.0,0.3672444554007783,0.0,0.2726249163248101,0.7604337930679321,0.5,0.0,0.3894641761877099,80.01990138462611,0.0
4,0.2466126426344826,0.7838771706535703,0.5,0.0,0.3523037803821823,0.0,0.24856829965601163,0.7813803682521898,0.5,0.0,0.3550975685216943,80.01990138462611,0.0
5,nan,0.7858541597855064,0.5,nan,0.34859393787762477,nan,nan,0.7857180833816528,0.5,nan,0.34876877069473267,nan,nan
6,nan,0.7861018635518426,0.5,nan,0.3482201851008971,nan,nan,0.7861459255218506,0.5,nan,0.3481569290161133,nan,nan
7,nan,0.7860558932060017,0.5,nan,0.3482854916800717,nan,nan,0.7860484848217089,0.5,nan,0.34829604625701904,nan,nan
8,nan,0.7860392587525504,0.5,nan,0.34830925063211093,nan,nan,0.7860378623008728,0.5,nan,0.34831130504608154,nan,nan
best_final,,,,,,,nan,0.7860378623008728,0.5,nan,0.34831130504608154,nan,nan
