epoch,encoder_loss,decoder_loss,decoder_accuracy,perceptual_loss,detection_loss
1,0.237566,0.181326,0.508564,0.001019,0.474113
2,0.237710,0.176710,0.505506,0.001015,0.474404
3,0.237616,0.176600,0.490416,0.001018,0.474215
4,0.237764,0.175208,0.497553,0.001016,0.474511
